ID,Name,Age,City
1,Name1,26,City1
2,Name2,27,City2
3,Name3,28,City3
4,Name4,29,City4
5,Name5,30,City5
6,Name6,31,City6
7,Name7,32,City7
8,Name8,33,City8
9,Name9,34,City9
10,Name10,35,City10
11,Name11,36,City11
12,Name12,37,City12
13,Name13,38,City13
14,Name14,39,City14
15,Name15,40,City15
16,Name16,41,City16
17,Name17,42,City17
18,Name18,43,City18
19,Name19,44,City19
20,Name20,25,City20
21,Name21,26,City21
22,Name22,27,City22
23,Name23,28,City23
24,Name24,29,City24
25,Name25,30,City25
26,Name26,31,City26
27,Name27,32,City27
28,Name28,33,City28
29,Name29,34,City29
30,Name30,35,City30
31,Name31,36,City31
32,Name32,37,City32
33,Name33,38,City33
34,Name34,39,City34
35,Name35,40,City35
36,Name36,41,City36
37,Name37,42,City37
38,Name38,43,City38
39,Name39,44,City39
40,Name40,25,City40
41,Name41,26,City41
42,Name42,27,City42
43,Name43,28,City43
44,Name44,29,City44
45,Name45,30,City45
46,Name46,31,City46
47,Name47,32,City47
48,Name48,33,City48
49,Name49,34,City49
50,Name50,35,City50
